epoch,loss,train_recall@25,test_recall@25,train_mrr@25,test_mrr@25
1,0.27652747470598954,90.95833333333333,82.5,47.373092859377344,44.47787433155082
